name,sub_area,area,grade,star_count,popular
Runner,Icicle Creek,Leavenworth,0,2,62
Slabstraction,Icicle Creek,Leavenworth,0,1.5,49
Marathon Man,Icicle Creek,Leavenworth,0,2,79
Squeezer,Icicle Creek,Leavenworth,2,2,12
Lock and Pop,Icicle Creek,Leavenworth,3,2.5,56
Purple Lover Eater,Icicle Creek,Leavenworth,8,2.5,9
Purple Lover Eater Direct aka Sq…,Icicle Creek,Leavenworth,8,2.5,6
Street Justice,Icicle Creek,Leavenworth,7,3.5,3
Street Justice Right,Icicle Creek,Leavenworth,9,4,5
Breadline,Icicle Creek,Leavenworth,0,3,208
Concavity,Icicle Creek,Leavenworth,0,2,75
Breadline Variation,Icicle Creek,Leavenworth,2,2.5,73
Concavity Variation,Icicle Creek,Leavenworth,2,2,15
The Real Thing,Icicle Creek,Leavenworth,4,3.5,303
Lock and Load,Icicle Creek,Leavenworth,4,2.5,2
One Summer,Icicle Creek,Leavenworth,5,2.5,53
Ain't Nothing But a V Thang,Icicle Creek,Leavenworth,5,3.5,10
Endless Summer,Icicle Creek,Leavenworth,7,3,5
Backdoor Ass Attack,Icicle Creek,Leavenworth,7,3,38
Joe's Traverse,Icicle Creek,Leavenworth,8,3,4
The Sideways Thing,Icicle Creek,Leavenworth,8,3,2
Sidedoor,Icicle Creek,Leavenworth,12,2,1
Power Steering,Icicle Creek,Leavenworth,2,2.5,58
Arrested Development,Icicle Creek,Leavenworth,4,3,122
Fiend it Like a Crack,Icicle Creek,Leavenworth,4,3,57
Feel The Pinch,Icicle Creek,Leavenworth,5,3.5,90
Forgotten Gold?,Icicle Creek,Leavenworth,6,4,1
Candy Corn,Icicle Creek,Leavenworth,6,4,3
Busted Stand,Icicle Creek,Leavenworth,6,3.5,69
Cruise Control,Icicle Creek,Leavenworth,6,3,92
The Shield,Icicle Creek,Leavenworth,7,3.5,93
Busta pinch,Icicle Creek,Leavenworth,8,3.5,20
Busted,Icicle Creek,Leavenworth,8,3.5,147
The Drill Sargeant,Icicle Creek,Leavenworth,8,2,17
Bedroom Bully,Icicle Creek,Leavenworth,9,2,2
Autopilot,Icicle Creek,Leavenworth,11,3,1
Toto,Icicle Creek,Leavenworth,4,2.5,190
Silly with an S,Icicle Creek,Leavenworth,0,1.5,11
Hearthstone,Icicle Creek,Leavenworth,0,1.5,18
Cowardly Lion,Icicle Creek,Leavenworth,0,1.5,65
Dredge,Icicle Creek,Leavenworth,1,1.5,24
Scarecrow,Icicle Creek,Leavenworth,1,2,71
Hearthstone Yabo,Icicle Creek,Leavenworth,3,1,1
Dirty and Deep,Icicle Creek,Leavenworth,1,2,3
Sunny and Steep,Icicle Creek,Leavenworth,2,3.5,270
Bron-Yr-Aur,Icicle Creek,Leavenworth,2,2.5,4
Funny and Cheap,Icicle Creek,Leavenworth,5,3,61
Slickfoot Holiday,Icicle Creek,Leavenworth,1,2.5,43
Fedge,Icicle Creek,Leavenworth,2,2.5,31
Lovage,Icicle Creek,Leavenworth,3,3,146
Slickfoot holiday direct AKA Squ…,Icicle Creek,Leavenworth,4,3.5,4
Fight Milk,Icicle Creek,Leavenworth,7,3,1
The Physical,Icicle Creek,Leavenworth,4,3.5,107
Clod-Hopper,Icicle Creek,Leavenworth,2,2,1
The Ruminator,Icicle Creek,Leavenworth,5,4,30
Noggin' Banger,Icicle Creek,Leavenworth,7,3,7
Dangle,Icicle Creek,Leavenworth,7,3,34
Kobe Tai,Icicle Creek,Leavenworth,8,4,33
The Coffee Cup,Icicle Creek,Leavenworth,9,4,30
The Practitioner,Icicle Creek,Leavenworth,11,4,5
Trickle of Silence,Icicle Creek,Leavenworth,10,4,5
The Monarch,Icicle Creek,Leavenworth,11,4,2
Feel the Rhythm,Icicle Creek,Leavenworth,0,1.5,3
It's Bobsled Time,Icicle Creek,Leavenworth,0,1,1
Feel the Rhyme,Icicle Creek,Leavenworth,0,2.5,3
Slab Sheriff,Icicle Creek,Leavenworth,3,3.5,4
Moondog,Icicle Creek,Leavenworth,0,2,6
Tahitian Moon,Icicle Creek,Leavenworth,0,1.5,10
Unknown V2,Icicle Creek,Leavenworth,2,2.5,3
Bad Moon Rising,Icicle Creek,Leavenworth,2,3.5,54
DKMFP,Icicle Creek,Leavenworth,3,2,2
Johnny's Problem,Icicle Creek,Leavenworth,10,4,1
Kobra Kon,Icicle Creek,Leavenworth,9,4,6
The Saucer,Icicle Creek,Leavenworth,3,2.5,5
Unknown Tall v1  Near Sunny and…,Icicle Creek,Leavenworth,1,2,5
Bacon Stone,Icicle Creek,Leavenworth,0,2,1
Golden Egg,Icicle Creek,Leavenworth,0,2,1
Cool Down,Icicle Creek,Leavenworth,0,2.5,47
Fridge Slab,Icicle Creek,Leavenworth,0,2.5,73
Fridge Door,Icicle Creek,Leavenworth,2,2.5,49
Cellar Door,Icicle Creek,Leavenworth,3,2.5,53
Midnight Snack,Icicle Creek,Leavenworth,3,1.5,3
Jungle Jim,Icicle Creek,Leavenworth,3,2.5,2
Jumping Spiders,Icicle Creek,Leavenworth,4,1.5,17
Cool it Down,Icicle Creek,Leavenworth,4,1.5,2
The Fridge Center,Icicle Creek,Leavenworth,4,3.5,291
The Fridge Arete,Icicle Creek,Leavenworth,5,3.5,154
The Lizard,Icicle Creek,Leavenworth,5,2,26
Fridge Center (Variation),Icicle Creek,Leavenworth,5,4,8
The Fridge Left,Icicle Creek,Leavenworth,8,3.5,40
Played Like a Poop Butt,Icicle Creek,Leavenworth,0,2.5,46
Cubicle Gangster,Icicle Creek,Leavenworth,0,2.5,47
X1,Icicle Creek,Leavenworth,1,2.5,38
X2,Icicle Creek,Leavenworth,2,2.5,23
Bowled Over,Icicle Creek,Leavenworth,3,2,5
White Sands,Icicle Creek,Leavenworth,3,3,12
Wolf Pack,Icicle Creek,Leavenworth,4,1,2
Played Like a Poop Butt Low,Icicle Creek,Leavenworth,6,2.5,33
The Hourglass,Icicle Creek,Leavenworth,6,3.5,118
Cole's Corner,Icicle Creek,Leavenworth,9,2.5,23
The Prism,Icicle Creek,Leavenworth,9,4,11
The Sheath,Icicle Creek,Leavenworth,2,4,1
You Dog You (aka The Sword),Icicle Creek,Leavenworth,3,4,94
Ride or Die,Icicle Creek,Leavenworth,5,3.5,3
Seam of Pain,Icicle Creek,Leavenworth,5,3,2
The Dagger,Icicle Creek,Leavenworth,6,2,2
Zweihänder,Icicle Creek,Leavenworth,7,3,1
Resurrection,Icicle Creek,Leavenworth,8,3.5,37
Zorro,Icicle Creek,Leavenworth,8,3.5,7
The Stairway,Icicle Creek,Leavenworth,0,2,24
Sofa King,Icicle Creek,Leavenworth,0,2,27
The Standard,Icicle Creek,Leavenworth,1,2,10
I <3 Jugs,Icicle Creek,Leavenworth,2,2.5,81
"Classic, The",Icicle Creek,Leavenworth,2,3.5,83
The Wizard,Icicle Creek,Leavenworth,4,2.5,23
Off the Couch,Icicle Creek,Leavenworth,6,3.5,33
The Taint,Icicle Creek,Leavenworth,0,1.5,29
The Crack,Icicle Creek,Leavenworth,0,2.5,75
Dingleberry Junction,Icicle Creek,Leavenworth,0,1.5,2
Racing Stripes,Icicle Creek,Leavenworth,0,2.5,4
Boxers,Icicle Creek,Leavenworth,0,2,45
Boxer Briefs,Icicle Creek,Leavenworth,1,2.5,23
Briefs,Icicle Creek,Leavenworth,3,2.5,61
Briefs direct,Icicle Creek,Leavenworth,3,2.5,10
Funiculi Funicula,Icicle Creek,Leavenworth,0,2.5,28
Rider,Icicle Creek,Leavenworth,0,1.5,22
Bertha,Icicle Creek,Leavenworth,0,2,13
Estimated Prophet,Icicle Creek,Leavenworth,1,2,13
Terrapin Station,Icicle Creek,Leavenworth,1,3,19
Terrapin Station East Exit,Icicle Creek,Leavenworth,1,1.5,4
China Cat,Icicle Creek,Leavenworth,2,2.5,44
Carlisle,Icicle Creek,Leavenworth,2,1.5,10
Bee Sloper,Icicle Creek,Leavenworth,2,1.5,6
Ace,Icicle Creek,Leavenworth,3,2,34
Weather Report,Icicle Creek,Leavenworth,4,2.5,47
Sunshine Daydream,Icicle Creek,Leavenworth,4,2.5,47
Dark Hollow,Icicle Creek,Leavenworth,6,2.5,17
Hell in a Bucket,Icicle Creek,Leavenworth,6,3,22
Dark Star,Icicle Creek,Leavenworth,6,2.5,3
I <3 Jerry Garcia,Icicle Creek,Leavenworth,8,3.5,24
Ripples,Icicle Creek,Leavenworth,2,3,3
Smokestack Lightnin,Icicle Creek,Leavenworth,2,3.5,63
Annyong,Icicle Creek,Leavenworth,5,2,1
Dire Wolf,Icicle Creek,Leavenworth,5,2.5,13
Hara-Kiri,Icicle Creek,Leavenworth,8,2.5,3
Musashi,Icicle Creek,Leavenworth,9,3.5,18
The Eggo,Icicle Creek,Leavenworth,2,1.5,2
The Egg,Icicle Creek,Leavenworth,2,3.5,5
Ex-Pat Scotsman,Icicle Creek,Leavenworth,0,2,1
Donkey Kong,Icicle Creek,Leavenworth,4,2.5,4
King Kong,Icicle Creek,Leavenworth,6,4,9
Johnny Appleseed,Icicle Creek,Leavenworth,10,3.5,13
Ann Darrow,Icicle Creek,Leavenworth,2,2,1
Night Owl,Icicle Creek,Leavenworth,6,3,1
Nosemite,Icicle Creek,Leavenworth,4,1,1
Yosemite Highball,Icicle Creek,Leavenworth,4,3.5,64
Right Angles,Icicle Creek,Leavenworth,8,3.5,13
Guano Slap,Icicle Creek,Leavenworth,1,2.5,5
Thunderdome Stand,Icicle Creek,Leavenworth,4,4,5
Thunderdome Stand (Crimp Start),Icicle Creek,Leavenworth,7,4,1
Mad Max,Icicle Creek,Leavenworth,8,3.5,9
Thunderdome,Icicle Creek,Leavenworth,9,4,8
German Acres,Icicle Creek,Leavenworth,0,1.5,4
Unknown (left arete),Icicle Creek,Leavenworth,1,1.5,10
One-Mover,Icicle Creek,Leavenworth,2,2,13
Gradisfaction,Icicle Creek,Leavenworth,2,2,23
Sassy Chipmunk,Icicle Creek,Leavenworth,4,2,14
Nosebleed,Icicle Creek,Leavenworth,7,3.5,45
The Strainer,Icicle Creek,Leavenworth,8,3.5,14
Green Lung,Icicle Creek,Leavenworth,11,3.5,4
Max Attacks,Icicle Creek,Leavenworth,3,2,22
White Arete,Icicle Creek,Leavenworth,5,2.5,31
Wario,Icicle Creek,Leavenworth,0,1.5,3
Bowser,Icicle Creek,Leavenworth,3,3,2
Sega,Icicle Creek,Leavenworth,3,1,3
Unkown,Icicle Creek,Leavenworth,3,1,1
Spongebob Jam Crack,Icicle Creek,Leavenworth,0,3,2
The Tentacles,Icicle Creek,Leavenworth,2,2.5,37
Spongepad Squarepad,Icicle Creek,Leavenworth,3,3,80
Spongebob Squarepad Sit Start,Icicle Creek,Leavenworth,5,3,43
Krusty Pad,Icicle Creek,Leavenworth,7,2,5
The Lamb,Icicle Creek,Leavenworth,3,2,70
Drugstore Cowboy,Icicle Creek,Leavenworth,3,3,215
Drugstore Cowboy Right,Icicle Creek,Leavenworth,3,2.5,8
Mini Abstraction,Icicle Creek,Leavenworth,4,2,1
Occum's Razor,Icicle Creek,Leavenworth,5,2.5,28
The Peephole,Icicle Creek,Leavenworth,11,4,3
Future Trippin’,Icicle Creek,Leavenworth,12,3,1
No Pain No Grain,Icicle Creek,Leavenworth,5,3,36
Hanta Man,Icicle Creek,Leavenworth,8,3,10
Superman,Icicle Creek,Leavenworth,9,3.5,32
Superman Low,Icicle Creek,Leavenworth,10,4,3
He-man,Icicle Creek,Leavenworth,11,2,2
God Is In the Details,Icicle Creek,Leavenworth,11,4,6
Spare Me The Details,Icicle Creek,Leavenworth,12,4,1
Pruning Shears,Icicle Creek,Leavenworth,1,2,17
The Break,Icicle Creek,Leavenworth,2,2.5,47
The Scoop,Icicle Creek,Leavenworth,2,2.5,128
The Crack,Icicle Creek,Leavenworth,2,2.5,37
The Rail,Icicle Creek,Leavenworth,3,2.5,65
The Anti-Scoop,Icicle Creek,Leavenworth,4,2.5,12
Bushmen,Icicle Creek,Leavenworth,4,2,3
The Crimps,Icicle Creek,Leavenworth,5,2.5,17
The Flake,Icicle Creek,Leavenworth,5,3,52
The Undercling,Icicle Creek,Leavenworth,5,3,75
The Hole,Icicle Creek,Leavenworth,6,3.5,100
Tic Tac Toe,Icicle Creek,Leavenworth,8,2.5,5
Wooly Mammoth,Icicle Creek,Leavenworth,0,1.5,27
Heir Apparent,Icicle Creek,Leavenworth,0,1.5,4
The Dish,Icicle Creek,Leavenworth,1,2,37
Unknown,Icicle Creek,Leavenworth,1,1.5,9
Madvillian,Icicle Creek,Leavenworth,2,2,23
Dr. Doom,Icicle Creek,Leavenworth,2,1.5,3
The Pocket,Icicle Creek,Leavenworth,4,3.5,193
The Shard,Icicle Creek,Leavenworth,6,2.5,9
Alpine Feel,Icicle Creek,Leavenworth,0,2,28
Unknown V0,Icicle Creek,Leavenworth,0,2,9
The Hueco Route,Icicle Creek,Leavenworth,1,3,202
Barnacles,Icicle Creek,Leavenworth,1,2.5,63
The Rudder,Icicle Creek,Leavenworth,1,2,7
Foot Fetish,Icicle Creek,Leavenworth,1,2.5,3
Grandeur,Icicle Creek,Leavenworth,8,4,1
The Jib,Icicle Creek,Leavenworth,8,2.5,4
"Sail, The",Icicle Creek,Leavenworth,9,3,12
Cloaca,Icicle Creek,Leavenworth,11,4,3
The Heartbreaker,Icicle Creek,Leavenworth,8,3.5,8
Ladykiller,Icicle Creek,Leavenworth,10,3.5,2
Palm Pilot,Icicle Creek,Leavenworth,2,2,6
Flounder,Icicle Creek,Leavenworth,2,2,28
Pocket Rocket,Icicle Creek,Leavenworth,3,2.5,28
Red Crown,Icicle Creek,Leavenworth,3,2,3
Squarepusher,Icicle Creek,Leavenworth,4,2.5,34
Swordfish,Icicle Creek,Leavenworth,4,2.5,48
Hairy Spotter,Icicle Creek,Leavenworth,5,2.5,13
The Firefly,Icicle Creek,Leavenworth,1,2,1
Dog Log,Icicle Creek,Leavenworth,2,2,2
Pimpsqueak,Icicle Creek,Leavenworth,8,4,95
Crimpsqueak,Icicle Creek,Leavenworth,8,2.5,6
Pimped Out,Icicle Creek,Leavenworth,9,3.5,3
Crimp Pimp,Icicle Creek,Leavenworth,11,3,1
Foot Fumpkin,Icicle Creek,Leavenworth,4,4,91
Tweedle Dee,Icicle Creek,Leavenworth,0,1.5,3
Tweedle Dum,Icicle Creek,Leavenworth,0,1.5,3
Crank,Icicle Creek,Leavenworth,1,2.5,17
The Kiddie Pool,Icicle Creek,Leavenworth,1,2,7
The Amphitheater,Icicle Creek,Leavenworth,3,2.5,20
Winterbottom Arete,Icicle Creek,Leavenworth,3,1.5,5
Howl (Stand start),Icicle Creek,Leavenworth,0,1,1
Chirp,Icicle Creek,Leavenworth,0,1,1
Silky Smooth,Icicle Creek,Leavenworth,0,2,1
Slightly Slopey,Icicle Creek,Leavenworth,0,1,1
Pups at Play,Icicle Creek,Leavenworth,0,3,1
Sunshine & Whiskey,Icicle Creek,Leavenworth,0,2,1
Coyote Corner,Icicle Creek,Leavenworth,1,2.5,2
Loopy Legs,Icicle Creek,Leavenworth,1,1.5,2
Wimpsqueak,Icicle Creek,Leavenworth,3,0,0
Tree Frog Style,Icicle Creek,Leavenworth,4,3,2
The Big Slab,Icicle Creek,Leavenworth,2,2,1
Trail Mix,Icicle Creek,Leavenworth,3,2,1
Dan Akroyd,Icicle Creek,Leavenworth,0,2,2
Rick Moranis,Icicle Creek,Leavenworth,0,2,3
The Brawl,Icicle Creek,Leavenworth,0,2,6
Fen Fin,Icicle Creek,Leavenworth,0,3,50
The Stem,Icicle Creek,Leavenworth,0,2.5,6
The Campus Problem,Icicle Creek,Leavenworth,0,2,13
Over Myself,Icicle Creek,Leavenworth,1,1.5,3
Butt Surfing,Icicle Creek,Leavenworth,1,1.5,10
Dutty Rock,Icicle Creek,Leavenworth,1,1,1
Orange Arete,Icicle Creek,Leavenworth,1,2,1
Crispy Joe,Icicle Creek,Leavenworth,1,2,1
Against The Wall,Icicle Creek,Leavenworth,1,1.5,11
The Sundial,Icicle Creek,Leavenworth,1,2.5,3
Heeler,Icicle Creek,Leavenworth,2,2.5,16
Feelin Sappy,Icicle Creek,Leavenworth,2,2,7
The Ferret Dyno,Icicle Creek,Leavenworth,2,2.5,11
Unknown V2 Slab,Icicle Creek,Leavenworth,2,2.5,2
Mine,Icicle Creek,Leavenworth,2,2.5,12
Grain Brain,Icicle Creek,Leavenworth,2,2.5,38
Giant Man,Icicle Creek,Leavenworth,3,3,51
The Ferret,Icicle Creek,Leavenworth,3,3,71
The Pickle,Icicle Creek,Leavenworth,3,1.5,7
The Coccyx,Icicle Creek,Leavenworth,3,2,1
Ferret Brain,Icicle Creek,Leavenworth,4,2.5,6
Grain Brain Right,Icicle Creek,Leavenworth,4,2,3
Solar Powered,Icicle Creek,Leavenworth,4,2,1
steFA,Icicle Creek,Leavenworth,4,1.5,5
Don't Dab Heeler Mine,Icicle Creek,Leavenworth,4,2,1
Expunge,Icicle Creek,Leavenworth,4,1,1
The Rib,Icicle Creek,Leavenworth,4,3.5,69
Rib Cage,Icicle Creek,Leavenworth,5,3,20
Beauty and The Beast,Icicle Creek,Leavenworth,5,2.5,2
Taqueria del Taco,Icicle Creek,Leavenworth,7,2,1
Big Happy or Legs Go Snappy,Icicle Creek,Leavenworth,10,3,1
Tornado Arete,Icicle Creek,Leavenworth,12,4,1
Atomic Energy,Icicle Creek,Leavenworth,9,3,1
Piranha,Icicle Creek,Leavenworth,0,1,6
Gypsy Funk,Icicle Creek,Leavenworth,1,2,35
Band of Gypsies,Icicle Creek,Leavenworth,1,2,56
Hired Goons,Icicle Creek,Leavenworth,1,2,9
Maniacal Moray,Icicle Creek,Leavenworth,1,1,4
Eelin' Groovy,Icicle Creek,Leavenworth,1,1,4
Dirty Harry,Icicle Creek,Leavenworth,1,2,47
Cougar Magnum,Icicle Creek,Leavenworth,2,2,32
Machine Gun Funk aka Susan's Arete,Icicle Creek,Leavenworth,2,3,81
Kingpin,Icicle Creek,Leavenworth,2,2.5,9
Your Mom's Traverse,Icicle Creek,Leavenworth,2,2,5
Sticks and Stones Break Bones,Icicle Creek,Leavenworth,3,2.5,13
Buddy Miles,Icicle Creek,Leavenworth,3,2,32
The Fist,Icicle Creek,Leavenworth,10,2.5,4
Twinkies aka Everybody Loves to…,Icicle Creek,Leavenworth,4,2,1
Microfist,Icicle Creek,Leavenworth,4,2,1
Spirit Level,Icicle Creek,Leavenworth,2,2,1
Gun Control,Icicle Creek,Leavenworth,0,1,1
Usually Pretty Dirty,Icicle Creek,Leavenworth,2,3,1
The Segment,Icicle Creek,Leavenworth,3,1.5,18
Tron,Icicle Creek,Leavenworth,0,1.5,16
Rubik's Arete,Icicle Creek,Leavenworth,0,2.5,12
Cube Traverse,Icicle Creek,Leavenworth,0,2.5,10
Shallow,Icicle Creek,Leavenworth,1,3,30
The Cube,Icicle Creek,Leavenworth,1,3,56
Cube Crack (Low),Icicle Creek,Leavenworth,2,3,32
Cleaver Crack,Icicle Creek,Leavenworth,2,2.5,43
Damn Comp Kids,Icicle Creek,Leavenworth,1,3,1
Gothbert,Icicle Creek,Leavenworth,2,3,1
The Goods,Icicle Creek,Leavenworth,3,2,7
"Crimp, Crimp, Slap, Throw",Icicle Creek,Leavenworth,3,3.5,65
Elfen Magic,Icicle Creek,Leavenworth,4,1.5,11
Gandalf,Icicle Creek,Leavenworth,1,2,6
Greed,Icicle Creek,Leavenworth,2,1,3
The Hobbit,Icicle Creek,Leavenworth,2,2.5,6
Bowl Weevil,Icicle Creek,Leavenworth,2,2,2
Sméagol,Icicle Creek,Leavenworth,3,3,1
Playback,Icicle Creek,Leavenworth,3,2.5,27
Cornucopia,Icicle Creek,Leavenworth,1,2,1
Slice of Tea,Icicle Creek,Leavenworth,2,3,1
Pentaphobia,Icicle Creek,Leavenworth,3,3,29
The Octopus,Icicle Creek,Leavenworth,5,2.5,9
Scram,Icicle Creek,Leavenworth,7,2.5,21
Thimbleberry,Icicle Creek,Leavenworth,2,3.5,2
Terminal Gravity,Icicle Creek,Leavenworth,7,4,5
People Skills,Icicle Creek,Leavenworth,10,0,1
The Rail,Icicle Creek,Leavenworth,0,2.5,107
Rainbow,Icicle Creek,Leavenworth,0,3.5,26
Phatness,Icicle Creek,Leavenworth,1,2.5,20
Frosting,Icicle Creek,Leavenworth,1,2.5,11
Rimjob,Icicle Creek,Leavenworth,1,2,2
Tree Crack,Icicle Creek,Leavenworth,1,2.5,84
Why?,Icicle Creek,Leavenworth,2,2,1
Slice of Pie,Icicle Creek,Leavenworth,2,4,11
The Hesitator,Icicle Creek,Leavenworth,2,3.5,154
Fun House Stairway,Icicle Creek,Leavenworth,2,3,103
Rudy,Icicle Creek,Leavenworth,3,1,1
Alcove Center,Icicle Creek,Leavenworth,3,2.5,24
Alcove Right,Icicle Creek,Leavenworth,3,2.5,13
Alcove Left,Icicle Creek,Leavenworth,4,2.5,16
Fat Lip,Icicle Creek,Leavenworth,4,2.5,4
The Shityourpantsinator,Icicle Creek,Leavenworth,5,3,5
Alcove Dyno,Icicle Creek,Leavenworth,5,2.5,30
Alfalfa or Spanky?,Icicle Creek,Leavenworth,5,3.5,56
Ouchies,Icicle Creek,Leavenworth,6,2.5,68
Slice of Cake,Icicle Creek,Leavenworth,7,3,34
Grouchies,Icicle Creek,Leavenworth,7,2,9
The Fin,Icicle Creek,Leavenworth,7,3,7
Joel's Jump Start/Sandy Man,Icicle Creek,Leavenworth,7,2,5
Firebelly,Icicle Creek,Leavenworth,7,3,6
Slice of Cake Direct,Icicle Creek,Leavenworth,9,3,1
Rubb Dyno,Icicle Creek,Leavenworth,9,3.5,16
Musk,Icicle Creek,Leavenworth,9,2.5,6
No Strings Attached,Icicle Creek,Leavenworth,10,4,2
Mad Bush,Icicle Creek,Leavenworth,12,0,0
Green Zero,Icicle Creek,Leavenworth,0,3,1
Meru,Icicle Creek,Leavenworth,1,2.5,5
Final Flash,Icicle Creek,Leavenworth,2,2,1
Spanish Traverse,Icicle Creek,Leavenworth,3,1.5,16
Tonya Harding Left,Icicle Creek,Leavenworth,3,3,2
Ryan's Slab,Icicle Creek,Leavenworth,3,0,0
The Slot Problem,Icicle Creek,Leavenworth,4,2.5,45
Joe's Noes,Icicle Creek,Leavenworth,5,2,4
Tonya Harding,Icicle Creek,Leavenworth,5,2.5,8
Seams Dangerous,Icicle Creek,Leavenworth,6,3.5,2
Tin Man,Icicle Creek,Leavenworth,6,3.5,51
Tin Man Sit,Icicle Creek,Leavenworth,7,3.5,26
The Office Chair,Icicle Creek,Leavenworth,1,1.5,5
Humoristic,Icicle Creek,Leavenworth,1,1,2
Slam Dunk,Icicle Creek,Leavenworth,2,2.5,27
Slam Dunk Low,Icicle Creek,Leavenworth,3,2,7
Lazarette,Icicle Creek,Leavenworth,4,3,1
Dirty Dancing,Icicle Creek,Leavenworth,4,3.5,66
The Birth of Simba,Icicle Creek,Leavenworth,4,3,1
Unearthed,Icicle Creek,Leavenworth,5,3.5,34
Buried Alive,Icicle Creek,Leavenworth,6,3.5,40
The Lion's Den,Icicle Creek,Leavenworth,8,4,38
The Moudra,Icicle Creek,Leavenworth,5,3.5,12
Dry Fire,Icicle Creek,Leavenworth,5,2,1
Ain’t Nothin’ but a Hueco Thing,Icicle Creek,Leavenworth,6,2,1
Do You Believe in Fairies?,Icicle Creek,Leavenworth,1,2.5,6
Mount Warning,Icicle Creek,Leavenworth,3,2,2
Fairy Slipper,Icicle Creek,Leavenworth,4,2,3
Hexxus Project Variation,Icicle Creek,Leavenworth,5,3,1
Batty Koda,Icicle Creek,Leavenworth,6,3,2
Hexxus,Icicle Creek,Leavenworth,8,4,1
Chubby Fairy,Icicle Creek,Leavenworth,4,3.5,5
Chubby Fairy Variation,Icicle Creek,Leavenworth,6,3,2
Indigenous,Icicle Creek,Leavenworth,9,0,0
reflection of perfection,Icicle Creek,Leavenworth,6,3.5,7
unnamed,Icicle Creek,Leavenworth,6,2.5,2
mirror arete,Icicle Creek,Leavenworth,7,3.5,3
420 Slab,Icicle Creek,Leavenworth,1,3,42
CBD arete,Icicle Creek,Leavenworth,1,3,2
Unknown Slab,Icicle Creek,Leavenworth,1,2,2
420 Moderate,Icicle Creek,Leavenworth,3,2.5,17
Unknown,Icicle Creek,Leavenworth,3,3,15
Piano Lessons,Icicle Creek,Leavenworth,3,2,4
The Wurst,Icicle Creek,Leavenworth,3,1,4
Sheniqua,Icicle Creek,Leavenworth,5,3.5,30
Bye Shaniqua,Icicle Creek,Leavenworth,4,3,11
John's Problem,Icicle Creek,Leavenworth,5,3,2
Couch Lock,Icicle Creek,Leavenworth,6,3.5,9
Emu Butter,Icicle Creek,Leavenworth,9,2.5,2
Alexis C Jolly,Icicle Creek,Leavenworth,0,3,17
Pretty Easy,Icicle Creek,Leavenworth,1,2.5,34
Pretty Dumb,Icicle Creek,Leavenworth,1,2,12
Noland,Icicle Creek,Leavenworth,1,2.5,18
Cracked Out,Icicle Creek,Leavenworth,1,2,15
He Man,Icicle Creek,Leavenworth,2,2.5,16
Ms. Pac-Man,Icicle Creek,Leavenworth,2,2.5,7
Unknown,Icicle Creek,Leavenworth,3,1.5,4
Pac-Man,Icicle Creek,Leavenworth,3,2.5,7
Pretty Girl,Icicle Creek,Leavenworth,3,3.5,72
Pretty Crimpy,Icicle Creek,Leavenworth,4,2.5,18
Pretty Burly,Icicle Creek,Leavenworth,4,2.5,23
Gorgeous George,Icicle Creek,Leavenworth,4,3,1
Pretty Woman,Icicle Creek,Leavenworth,5,2.5,26
Pretty Burly Low,Icicle Creek,Leavenworth,5,2.5,9
Pretty Boy,Icicle Creek,Leavenworth,6,2.5,22
Last of a Dying Breed,Icicle Creek,Leavenworth,8,2.5,3
Pretty Hate Machine,Icicle Creek,Leavenworth,8,4,51
Kelp,Icicle Creek,Leavenworth,0,1,11
The Squid,Icicle Creek,Leavenworth,2,1.5,12
The Whale,Icicle Creek,Leavenworth,2,2.5,11
The Crab,Icicle Creek,Leavenworth,3,2.5,12
Cake Day,Icicle Creek,Leavenworth,1,2,1
Whip It Good Left,Icicle Creek,Leavenworth,1,1,1
Mr. Kamikaze,Icicle Creek,Leavenworth,2,2.5,9
Mr. DNA,Icicle Creek,Leavenworth,4,2,3
Josh's Jugs,Icicle Creek,Leavenworth,0,2,1
Daniel's Dishes,Icicle Creek,Leavenworth,0,1,1
Cole's Crack,Icicle Creek,Leavenworth,5,3,6
Baby Shark,Icicle Creek,Leavenworth,0,1.5,2
Mommy Shark,Icicle Creek,Leavenworth,0,1.5,2
Let's Go Hunt,Icicle Creek,Leavenworth,1,2,1
Gills and Thrills,Icicle Creek,Leavenworth,2,2,2
A Walk below the Park,Icicle Creek,Leavenworth,0,2,1
The Art of Cratering,Icicle Creek,Leavenworth,0,3,1
Fantastic Planet,Icicle Creek,Leavenworth,0,2,1
Gravitational Slingshot,Icicle Creek,Leavenworth,2,2,1
Pulsar,Icicle Creek,Leavenworth,0,1,1
Blazar,Icicle Creek,Leavenworth,0,1,1
Quasar,Icicle Creek,Leavenworth,0,2,1
Cosmic Debris,Icicle Creek,Leavenworth,0,1,1
Binary Star,Icicle Creek,Leavenworth,0,1,1
One Small Knob for Climber,Icicle Creek,Leavenworth,0,2,1
Monet Variation,Icicle Creek,Leavenworth,4,3.5,2
Monet,Icicle Creek,Leavenworth,4,3,8
Watercolors,Icicle Creek,Leavenworth,6,3.5,13
the impressionist,Icicle Creek,Leavenworth,9,3,4
The Tray Table,Icicle Creek,Leavenworth,1,2,2
Landing Gear,Icicle Creek,Leavenworth,2,2.5,2
Airfield Arete,Icicle Creek,Leavenworth,7,3.5,14
Agape Direct,Icicle Creek,Leavenworth,1,2.5,2
Agape,Icicle Creek,Leavenworth,3,3,4
Tombstone,Icicle Creek,Leavenworth,4,2.5,14
Tombstone Direct,Icicle Creek,Leavenworth,5,2,2
Dogfighter,Icicle Creek,Leavenworth,4,0,0
Punxsutawney Phil,Icicle Creek,Leavenworth,6,3,11
Mathematical Poetry,Icicle Creek,Leavenworth,7,3,1
The Shadow,Icicle Creek,Leavenworth,10,4,2
The Croissant,Icicle Creek,Leavenworth,1,3.5,11
The Turnover,Icicle Creek,Leavenworth,4,2.5,8
The Umbilicus,Icicle Creek,Leavenworth,2,1.5,2
The Snail,Icicle Creek,Leavenworth,3,2.5,5
Second to Sun,Icicle Creek,Leavenworth,2,2,1
Table Top Pop,Icicle Creek,Leavenworth,4,2.5,5
Nameless Page,Icicle Creek,Leavenworth,5,2,1
v3 Tigerlilly Unknown,Icicle Creek,Leavenworth,3,3,9
Tigerlily Right,Icicle Creek,Leavenworth,3,3.5,57
Unknown,Icicle Creek,Leavenworth,4,2,1
Tigerlily Left,Icicle Creek,Leavenworth,6,3.5,25
Tree Sap,Icicle Creek,Leavenworth,7,2,1
Best Day Ever,Icicle Creek,Leavenworth,6,3,2
Mercenary,Icicle Creek,Leavenworth,6,3,1
Dusk,Icicle Creek,Leavenworth,6,0,0
Straight Shot,Icicle Creek,Leavenworth,1,2,16
With A Twist,Icicle Creek,Leavenworth,2,2,15
Twisted Tree,Icicle Creek,Leavenworth,4,3,116
Mr Leftist,Icicle Creek,Leavenworth,6,3,67
Twisted Tree Dyno,Icicle Creek,Leavenworth,7,0,0
Twister,Icicle Creek,Leavenworth,7,3.5,29
Unknown (downclimb),Icicle Creek,Leavenworth,0,1.5,5
Over Easy,Icicle Creek,Leavenworth,0,2,5
Deviled,Icicle Creek,Leavenworth,2,2.5,16
The Dildo,Icicle Creek,Leavenworth,3,2.5,30
Twisted Stone,Icicle Creek,Leavenworth,3,3,50
Twisted Stone Low,Icicle Creek,Leavenworth,4,3,16
Scrambled Eggs,Icicle Creek,Leavenworth,8,3.5,30
Angelina Jolie,Icicle Creek,Leavenworth,10,4,7
Raptorman,Icicle Creek,Leavenworth,3,1,1
Gatorade Bowling Balls,Icicle Creek,Leavenworth,4,2.5,9
Etna Mantle,Icicle Creek,Leavenworth,4,2,6
Ben Carney's Bowling Balls,Icicle Creek,Leavenworth,5,1.5,4
Sumthin',Icicle Creek,Leavenworth,0,1.5,11
Nuthin',Icicle Creek,Leavenworth,3,1.5,6
Little One,Icicle Creek,Leavenworth,2,2.5,14
The Sloping Lady,Icicle Creek,Leavenworth,0,1.5,2
Mighty Mouse Stand,Icicle Creek,Leavenworth,4,3.5,12
Mighty Mouse,Icicle Creek,Leavenworth,6,3,14
The Sleeping Lady,Icicle Creek,Leavenworth,1,3.5,64
Sound Asleep,Icicle Creek,Leavenworth,2,3.5,3
Sleeping Lady Extension,Icicle Creek,Leavenworth,2,3.5,4
La Hacienda,Icicle Creek,Leavenworth,3,3.5,10
Raised Wicked aka Born Sinner,Icicle Creek,Leavenworth,5,3,2
Unknown,Icicle Creek,Leavenworth,0,1.5,3
Bootin' Dookie,Icicle Creek,Leavenworth,6,3.5,7
Unknown,Icicle Creek,Leavenworth,3,1,1
Unknown,Icicle Creek,Leavenworth,3,2,1
La Poocoupe Lite,Icicle Creek,Leavenworth,4,2.5,2
La Poocoupe,Icicle Creek,Leavenworth,6,3.5,5
Coprophobia,Icicle Creek,Leavenworth,7,2.5,2
No-Contact Order,Icicle Creek,Leavenworth,6,4,1
DV,Icicle Creek,Leavenworth,7,3.5,2
Sea Glass,Icicle Creek,Leavenworth,1,3,1
Glass Slab,Icicle Creek,Leavenworth,1,1,1
Unknown,Icicle Creek,Leavenworth,3,2,2
River Snorkeling,Icicle Creek,Leavenworth,4,3,2
Glass Slab Left,Icicle Creek,Leavenworth,5,3,1
You Only Live Twice,Icicle Creek,Leavenworth,3,1,1
Roger Moore,Icicle Creek,Leavenworth,5,1,1
Jaws,Icicle Creek,Leavenworth,6,3,1
Pierce Brosnan,Icicle Creek,Leavenworth,9,2,1
From Russia with Love,Icicle Creek,Leavenworth,9,2,1
Odd Job,Icicle Creek,Leavenworth,11,2,1
"Shaken, Not Stirred",Icicle Creek,Leavenworth,2,2,5
Diamonds Are Forever,Icicle Creek,Leavenworth,4,2,1
Moonraker,Icicle Creek,Leavenworth,5,2,9
License to Kill,Icicle Creek,Leavenworth,6,3,1
Sean Connery,Icicle Creek,Leavenworth,6,4,5
Concussion Royale,Icicle Creek,Leavenworth,7,2,2
Trundle Dome Arete,Icicle Creek,Leavenworth,1,3,1
Underground Lair,Icicle Creek,Leavenworth,2,2,3
Positively Shocking,Icicle Creek,Leavenworth,2,1,2
Pussy Galore,Icicle Creek,Leavenworth,3,2.5,3
Bulldozer Jump Variation,Icicle Creek,Leavenworth,3,2,2
Bulldozer Dyno,Icicle Creek,Leavenworth,7,2,1
Sockeye,Icicle Creek,Leavenworth,8,4,9
Bury the Hatchet,Icicle Creek,Leavenworth,10,3,1
First Watch,Icicle Creek,Leavenworth,1,0,1
Coffin Watcher,Icicle Creek,Leavenworth,2,1,1
Nobody's Watching,Icicle Creek,Leavenworth,5,2,1
Your Friends are Watching,Icicle Creek,Leavenworth,6,2,1
Millenium Mantle,Icicle Creek,Leavenworth,1,2,11
1999,Icicle Creek,Leavenworth,2,2.5,9
The Corner,Icicle Creek,Leavenworth,2,2.5,5
2001,Icicle Creek,Leavenworth,4,3,22
The Millennium Traverse,Icicle Creek,Leavenworth,8,3.5,17
Washington Apples,Icicle Creek,Leavenworth,10,3,1
Unnamed #5,Icicle Creek,Leavenworth,5,3.5,8
Lonely Fish,Icicle Creek,Leavenworth,9,3.5,4
Sorrow Bird,Icicle Creek,Leavenworth,9,0,0
Dirty Dude,Icicle Creek,Leavenworth,10,0,0
Riparian,Icicle Creek,Leavenworth,3,3,1
Ocho's Problem,Icicle Creek,Leavenworth,5,3,7
The Rainmaker,Icicle Creek,Leavenworth,8,3.5,11
Johnny's Bulge,Icicle Creek,Leavenworth,7,3,12
Kelly's Bulge,Icicle Creek,Leavenworth,9,3.5,9
Kona's Bulge,Icicle Creek,Leavenworth,9,3,1
Unknown V1,Icicle Creek,Leavenworth,1,2,4
Drew's Bulge,Icicle Creek,Leavenworth,3,2,3
Hemp,Icicle Creek,Leavenworth,3,2,3
Is,Icicle Creek,Leavenworth,7,3,19
WAS,Icicle Creek,Leavenworth,8,4,41
Answer Man,Icicle Creek,Leavenworth,6,2.5,7
Taller,Icicle Creek,Leavenworth,6,3.5,34
Crowd Surfing,Icicle Creek,Leavenworth,7,3,2
Fat Lip,Icicle Creek,Leavenworth,3,1.5,4
The Icicle,Icicle Creek,Leavenworth,3,2.5,32
Ice Mouse,Icicle Creek,Leavenworth,3,2,1
Claustrophobia,Icicle Creek,Leavenworth,3,2,3
Little bear,Icicle Creek,Leavenworth,4,2.5,10
The Icehouse,Icicle Creek,Leavenworth,4,3.5,45
Bear Hug,Icicle Creek,Leavenworth,4,2.5,35
Ice Age,Icicle Creek,Leavenworth,4,3,5
Ice Grip,Icicle Creek,Leavenworth,4,3,22
Tall Boy,Icicle Creek,Leavenworth,5,3.5,16
Blood Diamond,Icicle Creek,Leavenworth,9,4,3
The Pony Ride,Icicle Creek,Leavenworth,4,3,15
Tampax Arete,Icicle Creek,Leavenworth,4,3.5,11
The Cotton Pony Dyno,Icicle Creek,Leavenworth,9,2.5,3
The Cotton Pony Pointer,Icicle Creek,Leavenworth,9,3,3
The Cotton Pony,Icicle Creek,Leavenworth,10,4,7
The Freezer,Icicle Creek,Leavenworth,3,2,4
The Freezer Right,Icicle Creek,Leavenworth,4,1.5,3
Forget Your Rubbers,Icicle Creek,Leavenworth,0,2.5,9
Bok Choy,Icicle Creek,Leavenworth,6,3,8
More Fun Than Beer,Icicle Creek,Leavenworth,6,0.5,3
Beautification,Icicle Creek,Leavenworth,11,4,4
Down The Barrel,Icicle Creek,Leavenworth,7,3.5,7
Heads Will Roll,Icicle Creek,Leavenworth,9,4,4
Hell or Highwater,Icicle Creek,Leavenworth,11,4,1
Dog Named Rehab,Icicle Creek,Leavenworth,4,2.5,3
"I know, Dyno!",Icicle Creek,Leavenworth,9,1,1
The Penrose Step,Icicle Creek,Leavenworth,14,4,2
Bush Meat,Icicle Creek,Leavenworth,3,2,4
Der Town Dead,Icicle Creek,Leavenworth,5,3,5
Nastee Bois,Icicle Creek,Leavenworth,5,3,1
Saturnine,Icicle Creek,Leavenworth,6,3,4
Log Cabin Stand,Icicle Creek,Leavenworth,7,2.5,2
Log Cabin,Icicle Creek,Leavenworth,8,3,1
Bushcraft,Icicle Creek,Leavenworth,8,3,6
Mountain Man,Icicle Creek,Leavenworth,9,3,6
Log Cabin Right,Icicle Creek,Leavenworth,9,3,1
Ghostride the Whip,Icicle Creek,Leavenworth,5,0,0
Miracle Whip,Icicle Creek,Leavenworth,7,3.5,2
Cool Whip,Icicle Creek,Leavenworth,10,4,2
Throwin' the Houlihan,Icicle Creek,Leavenworth,4,3.5,4
Cannonball!,Icicle Creek,Leavenworth,6,2,1
Upright Position,Icicle Creek,Leavenworth,4,2,1
The Mothermilker,Icicle Creek,Leavenworth,9,3.5,6
Cougarmilker,Icicle Creek,Leavenworth,11,4,1
Turbulence,Icicle Creek,Leavenworth,12,4,1
Batman,Icicle Creek,Leavenworth,8,3.5,4
Robin,Icicle Creek,Leavenworth,0,2,1
Cool Ranch,Icicle Creek,Leavenworth,1,3,1
Filth Factor,Icicle Creek,Leavenworth,3,2,2
Incompleteness,Icicle Creek,Leavenworth,5,2,2
Divided by Zero,Icicle Creek,Leavenworth,7,3,2
Starboard Arete,Icicle Creek,Leavenworth,5,3.5,3
Unknown (far right side),Icicle Creek,Leavenworth,0,1,1
Unknown (right side),Icicle Creek,Leavenworth,0,1,1
Unknown (center),Icicle Creek,Leavenworth,1,1,1
Unknown V3,Icicle Creek,Leavenworth,3,2.5,3
Jessica Campbell Memorial Boulde…,Icicle Creek,Leavenworth,5,2,1
Songs from the North,Icicle Creek,Leavenworth,2,2,1
Aura,Icicle Creek,Leavenworth,3,2,1
Grandview Arete,Icicle Creek,Leavenworth,5,3.5,3
Buena Vista,Icicle Creek,Leavenworth,5,2.5,3
El Bicho,Icicle Creek,Leavenworth,5,2.5,3
Buena Vista Derecha,Icicle Creek,Leavenworth,6,3,1
Grandview Arete Left,Icicle Creek,Leavenworth,6,4,3
Buena Vista Izquierda,Icicle Creek,Leavenworth,6,2,1
Pod Racer,Icicle Creek,Leavenworth,1,3,5
Busted,Icicle Creek,Leavenworth,3,3,6
Epoxy Flake,Icicle Creek,Leavenworth,3,2,1
Span Man Stand,Icicle Creek,Leavenworth,5,3,1
Span Man,Icicle Creek,Leavenworth,10,4,1
Haunted Shack,Icicle Creek,Leavenworth,2,2,2
Lunge Problem,Icicle Creek,Leavenworth,2,2,2
The Real Adventure Park,Icicle Creek,Leavenworth,2,2.5,2
Jahman Right,Icicle Creek,Leavenworth,7,4,1
Dick Blisters,Icicle Creek,Leavenworth,6,3,1
Flying Baboons,Icicle Creek,Leavenworth,6,2,2
The Lefty,Icicle Creek,Leavenworth,7,3,3
Bazooka Dyno,Icicle Creek,Leavenworth,8,3,1
Sinistral,Icicle Creek,Leavenworth,11,3,1
Finger Crack,Icicle Creek,Leavenworth,2,0,0
Hilltop Hoods,Icicle Creek,Leavenworth,4,2,1
Hilltop Shogun,Icicle Creek,Leavenworth,5,3,1
Dyno,Icicle Creek,Leavenworth,5,2,1
Project,Icicle Creek,Leavenworth,12,0,0
Nirvana Slab,Icicle Creek,Leavenworth,0,2,1
The Wiseman,Icicle Creek,Leavenworth,5,3,1
Bonsai Samurai,Icicle Creek,Leavenworth,4,2,1
The Gardener,Icicle Creek,Leavenworth,2,3,1
Project 1,Icicle Creek,Leavenworth,5,2,1
Project 2,Icicle Creek,Leavenworth,7,2,1
Road Warrior,Icicle Creek,Leavenworth,1,0,0
The Path is The Goal,Icicle Creek,Leavenworth,2,2,3
Granite,Icicle Creek,Leavenworth,3,2.5,3
The Zapper,Icicle Creek,Leavenworth,6,3,1
Starfox,Icicle Creek,Leavenworth,6,2.5,11
Squeeze The Beef,Icicle Creek,Leavenworth,7,2.5,3
The Slot,Icicle Creek,Leavenworth,6,3.5,3
Compressor Crack,Icicle Creek,Leavenworth,4,3.5,6
Senile,Icicle Creek,Leavenworth,4,3.5,2
Quantum Theory,Icicle Creek,Leavenworth,4,2,1
Quantum Mechanics,Icicle Creek,Leavenworth,7,4,11
Shrimp Traveler,Icicle Creek,Leavenworth,6,3.5,3
RBG,Icicle Creek,Leavenworth,7,3,1
Owl Gore,Icicle Creek,Leavenworth,3,2,1
Andrew Said It Doesn’t Count,Icicle Creek,Leavenworth,0,2,1
Cube Crack,Icicle Creek,Leavenworth,8,2.5,19
Padmi Trainer,Icicle Creek,Leavenworth,0,1.5,9
Wookie Crack,Icicle Creek,Leavenworth,1,2,18
Han Solo,Icicle Creek,Leavenworth,1,1.5,2
Nice Men,Icicle Creek,Leavenworth,2,2.5,29
Darth Maul,Icicle Creek,Leavenworth,2,3.5,45
Emperor's Lightning,Icicle Creek,Leavenworth,5,3.5,27
Yoda,Icicle Creek,Leavenworth,7,3,11
Darth Vader,Icicle Creek,Leavenworth,9,3,8
Obi-Wan,Icicle Creek,Leavenworth,9,4,2
Hoofin' It,Icicle Creek,Leavenworth,9,2,7
Cattle Terrace,Mountain Home Road Boulders,Leavenworth,1,1.5,6
Slab Cow,Mountain Home Road Boulders,Leavenworth,1,1,4
Cud Crack,Mountain Home Road Boulders,Leavenworth,2,1.5,6
BSE,Mountain Home Road Boulders,Leavenworth,3,2.5,17
Feche la Vache,Mountain Home Road Boulders,Leavenworth,3,2.5,15
The Barn Door,Mountain Home Road Boulders,Leavenworth,4,2.5,21
Andy's Arete,Mountain Home Road Boulders,Leavenworth,4,3,48
Fairly Desperate,Mountain Home Road Boulders,Leavenworth,4,2.5,12
Slaughterhouse,Mountain Home Road Boulders,Leavenworth,5,2.5,9
Goodnight Moon,Mountain Home Road Boulders,Leavenworth,7,2,1
Cattleguard Arete,Mountain Home Road Boulders,Leavenworth,8,3,11
Cattleguard Dyno,Mountain Home Road Boulders,Leavenworth,11,2.5,2
Cattleguard Project.,Mountain Home Road Boulders,Leavenworth,12,3,1
Warm-up/downclimb,Mountain Home Road Boulders,Leavenworth,0,1.5,3
Warm up Arete,Mountain Home Road Boulders,Leavenworth,2,2,2
Splash,Mountain Home Road Boulders,Leavenworth,5,2.5,8
Geronimo,Mountain Home Road Boulders,Leavenworth,7,3.5,34
Beetlemania,Mountain Home Road Boulders,Leavenworth,9,3,1
Vision Stand,Mountain Home Road Boulders,Leavenworth,0,1,2
Neanderthal,Mountain Home Road Boulders,Leavenworth,1,1,3
Vision,Mountain Home Road Boulders,Leavenworth,2,1.5,7
Double Vision,Mountain Home Road Boulders,Leavenworth,4,2.5,5
Shoeless Joe,Mountain Home Road Boulders,Leavenworth,0,1,2
Thumper,Mountain Home Road Boulders,Leavenworth,3,2.5,5
Punk Ass Kid,Mountain Home Road Boulders,Leavenworth,6,3,3
South Seas Arete,Mountain Home Road Boulders,Leavenworth,0,2.5,10
Jolly Roger,Mountain Home Road Boulders,Leavenworth,1,3,1
Shiver Me Timbers,Mountain Home Road Boulders,Leavenworth,1,2,1
Long John Silver,Mountain Home Road Boulders,Leavenworth,1,1.5,2
Tall People Suck,Mountain Home Road Boulders,Leavenworth,4,2.5,8
Dandelion Foot,Mountain Home Road Boulders,Leavenworth,4,2,1
The Omen,Mountain Home Road Boulders,Leavenworth,1,2,6
The Premonition,Mountain Home Road Boulders,Leavenworth,4,3.5,19
Yet Another Roadside Attraction,Mountain Home Road Boulders,Leavenworth,3,2,4
Full Time Night Woman,Mountain Home Road Boulders,Leavenworth,10,4,1
The Brown Eye,Mountain Home Road Boulders,Leavenworth,10,3.5,2
The Xylophone,Mountain Home Road Boulders,Leavenworth,4,3,1
Incestual Gingerbread House Cats,Mountain Home Road Boulders,Leavenworth,5,3,1
Finding the stud,Mountain Home Road Boulders,Leavenworth,0,0.5,2
Keeping it level,Mountain Home Road Boulders,Leavenworth,2,1.5,2
Hanging Above the Mantle,Mountain Home Road Boulders,Leavenworth,3,2,1
Jetsam,Mountain Home Road Boulders,Leavenworth,0,0.5,4
Flotsam,Mountain Home Road Boulders,Leavenworth,1,1,4
The Wave,Mountain Home Road Boulders,Leavenworth,1,2.5,26
Beach slab,Mountain Home Road Boulders,Leavenworth,1,3.5,40
Unknown slab,Mountain Home Road Boulders,Leavenworth,3,2,1
Beached Whale,Mountain Home Road Boulders,Leavenworth,3,3.5,17
Beach Arete,Mountain Home Road Boulders,Leavenworth,2,4,51
Right arete,Mountain Home Road Boulders,Leavenworth,1,1.5,4
Rocks for Jocks,Mountain Home Road Boulders,Leavenworth,1,1.5,16
Dyno 101,Tumwater Canyon,Leavenworth,3,3.5,66
Get Shorty,Tumwater Canyon,Leavenworth,0,1.5,11
Alpine Cow,Tumwater Canyon,Leavenworth,0,2,10
Off-Kilter,Tumwater Canyon,Leavenworth,0,2,10
Fountain Blues,Tumwater Canyon,Leavenworth,0,2.5,13
The Backstroke,Tumwater Canyon,Leavenworth,1,1.5,5
Brickwork,Tumwater Canyon,Leavenworth,0,3.5,64
Flex,Tumwater Canyon,Leavenworth,2,3,5
commander jerbot,Tumwater Canyon,Leavenworth,3,3,1
U2,Tumwater Canyon,Leavenworth,3,3,68
F**k the Crystal,Tumwater Canyon,Leavenworth,3,3,19
"Crystal Method, The",Tumwater Canyon,Leavenworth,3,2.5,11
Jumper,Tumwater Canyon,Leavenworth,3,3,31
"Get up, Stand Up Left",Tumwater Canyon,Leavenworth,4,3,1
"Get Up, Stand Up",Tumwater Canyon,Leavenworth,6,3.5,10
The Terrible,Tumwater Canyon,Leavenworth,7,3,26
Goicoechea Problem,Tumwater Canyon,Leavenworth,9,3.5,8
Spooner,Tumwater Canyon,Leavenworth,0,2,17
The Fin,Tumwater Canyon,Leavenworth,2,3.5,126
The Savage Act,Tumwater Canyon,Leavenworth,5,2.5,22
Bullwinkle,Tumwater Canyon,Leavenworth,0,1.5,14
Ledges,Tumwater Canyon,Leavenworth,1,1.5,9
Smackalicious,Tumwater Canyon,Leavenworth,1,2,2
Rocky,Tumwater Canyon,Leavenworth,2,1.5,8
Tweaker,Tumwater Canyon,Leavenworth,4,2,2
Evil Petting Zoo,Tumwater Canyon,Leavenworth,4,1.5,12
Veltex,Tumwater Canyon,Leavenworth,6,2.5,2
Aggressive Reject,Tumwater Canyon,Leavenworth,9,2.5,11
Swamp Thing,Tumwater Canyon,Leavenworth,1,2,2
Mossline,Tumwater Canyon,Leavenworth,1,2,2
Walk the Line,Tumwater Canyon,Leavenworth,4,2,1
Vector,Tumwater Canyon,Leavenworth,8,3.5,2
Hold Your Tongue,Tumwater Canyon,Leavenworth,8,4,1
Hobo,Tumwater Canyon,Leavenworth,0,2,4
Unknown,Tumwater Canyon,Leavenworth,3,2,4
The Executioner,Tumwater Canyon,Leavenworth,5,2.5,7
Han Solo Lightsaber Tournament,Tumwater Canyon,Leavenworth,5,2.5,22
Rickety Cricket,Tumwater Canyon,Leavenworth,3,2.5,5
Three Armed Baby,Tumwater Canyon,Leavenworth,4,2.5,6
Gaze of the Grasshopper,Tumwater Canyon,Leavenworth,4,3.5,23
The Gaze of the Grasshopper Low,Tumwater Canyon,Leavenworth,6,3,6
Wild Pack of Family Dogs,Tumwater Canyon,Leavenworth,5,2.5,3
Dog Paddle,Tumwater Canyon,Leavenworth,6,2,2
Unknown V3,Tumwater Canyon,Leavenworth,3,2,3
Unknown V4,Tumwater Canyon,Leavenworth,4,3,8
Unknown V6,Tumwater Canyon,Leavenworth,6,3,2
The U-boat,Tumwater Canyon,Leavenworth,8,0,0
Chaos,Tumwater Canyon,Leavenworth,2,3,1
The Transverse,Tumwater Canyon,Leavenworth,1,2.5,5
Cramps,Tumwater Canyon,Leavenworth,2,1.5,23
Hate Monger,Tumwater Canyon,Leavenworth,3,2.5,30
Slap and Dangle,Tumwater Canyon,Leavenworth,3,2.5,17
Shock and Awe,Tumwater Canyon,Leavenworth,3,2.5,12
Lip Gloss,Tumwater Canyon,Leavenworth,3,2.5,4
14 Years,Tumwater Canyon,Leavenworth,6,2.5,9
Snake Eyes,Tumwater Canyon,Leavenworth,8,3,2
Raven,Tumwater Canyon,Leavenworth,9,2,1
Mickey,Tumwater Canyon,Leavenworth,0,2,17
Minnie,Tumwater Canyon,Leavenworth,1,1.5,17
Heel Hook Left,Tumwater Canyon,Leavenworth,1,2,37
Pluto,Tumwater Canyon,Leavenworth,2,0,0
Heel Hook Right,Tumwater Canyon,Leavenworth,3,2,19
Heel Hook Center,Tumwater Canyon,Leavenworth,3,2.5,16
Bubbles,Tumwater Canyon,Leavenworth,0,2,14
The Prey,Tumwater Canyon,Leavenworth,0,1.5,24
The Devonian Fish,Tumwater Canyon,Leavenworth,0,2.5,19
No Pitons Here,Tumwater Canyon,Leavenworth,0,2,17
Oceanfront,Tumwater Canyon,Leavenworth,1,1.5,5
The Ripple Effect,Tumwater Canyon,Leavenworth,1,1.5,6
Schisthead,Tumwater Canyon,Leavenworth,2,2.5,64
Bam,Tumwater Canyon,Leavenworth,2,2.5,23
Schisthead Variation,Tumwater Canyon,Leavenworth,3,2.5,15
Whelmed,Tumwater Canyon,Leavenworth,4,2,2
Chicken Turd Low,Tumwater Canyon,Leavenworth,4,1,2
Joel's Traverse,Tumwater Canyon,Leavenworth,6,3,1
Goat Boy,Tumwater Canyon,Leavenworth,7,1.5,3
Chicken Man,Tumwater Canyon,Leavenworth,8,3,1
Caveman Cole,Tumwater Canyon,Leavenworth,9,0,0
center-left line,Tumwater Canyon,Leavenworth,1,0,0
center-center line,Tumwater Canyon,Leavenworth,2,2,1
Unknown (Left},Tumwater Canyon,Leavenworth,3,2,13
Schist Lip aka Dirty Stache,Tumwater Canyon,Leavenworth,5,2.5,2
Schist Cave Right,Tumwater Canyon,Leavenworth,5,2.5,62
Schist Cave Tour,Tumwater Canyon,Leavenworth,7,3.5,20
Schist Cave Left,Tumwater Canyon,Leavenworth,8,2.5,4
The Wheel of Schist,Tumwater Canyon,Leavenworth,8,4,2
center-right line,Tumwater Canyon,Leavenworth,9,3,2
Schist Seam (‘unknown V7’),Tumwater Canyon,Leavenworth,9,3,5
Schist Prow,Tumwater Canyon,Leavenworth,10,3,2
Schist Cave,Tumwater Canyon,Leavenworth,10,3,13
Mission to Marv’s,Tumwater Canyon,Leavenworth,10,2,1
Otto-Matic,Tumwater Canyon,Leavenworth,10,2,1
House of Cards,Tumwater Canyon,Leavenworth,10,2,1
The Guillotine,Tumwater Canyon,Leavenworth,11,2.5,3
Mounting a fatty,Tumwater Canyon,Leavenworth,1,1,2
Percolator,Tumwater Canyon,Leavenworth,0,1,10
Barista,Tumwater Canyon,Leavenworth,1,2.5,32
Espresso,Tumwater Canyon,Leavenworth,2,2.5,2
Unobvious,Tumwater Canyon,Leavenworth,3,2.5,31
The Squatter,Tumwater Canyon,Leavenworth,3,2,7
Split Shot,Tumwater Canyon,Leavenworth,3,2.5,2
Premium Coffee,Tumwater Canyon,Leavenworth,7,3.5,27
Tentacles,Tumwater Canyon,Leavenworth,0,2,16
Pod Racer,Tumwater Canyon,Leavenworth,1,2.5,17
Royal Flush,Tumwater Canyon,Leavenworth,2,4,74
Sleeve Ace,Tumwater Canyon,Leavenworth,3,3,57
Sitting Bull,Tumwater Canyon,Leavenworth,3,3,53
Lead Pants,Tumwater Canyon,Leavenworth,3,2.5,19
Bangladore Torpedo,Tumwater Canyon,Leavenworth,5,1,4
Jack of Spades,Tumwater Canyon,Leavenworth,6,3.5,5
Hormonal Monkey,Tumwater Canyon,Leavenworth,7,1.5,9
Full House,Tumwater Canyon,Leavenworth,10,4,6
Unknown V0,Tumwater Canyon,Leavenworth,0,1,2
Dark Times,Tumwater Canyon,Leavenworth,2,2,6
Balance Slap,Tumwater Canyon,Leavenworth,4,2,5
Playing in traffic,Tumwater Canyon,Leavenworth,4,2,1
Footless Traverse,Tumwater Canyon,Leavenworth,5,3.5,135
Shadowboxing,Tumwater Canyon,Leavenworth,6,4,13
Raging Bull,Tumwater Canyon,Leavenworth,7,3,53
Lion of Judah,Tumwater Canyon,Leavenworth,7,3.5,15
Lion of Judah Left,Tumwater Canyon,Leavenworth,7,3.5,2
Shadowboxing Right,Tumwater Canyon,Leavenworth,7,4,1
Immortal Techniques,Tumwater Canyon,Leavenworth,9,3,17
Big Booty B**** Slap,Tumwater Canyon,Leavenworth,10,2.5,3
The Hueco Flake,Tumwater Canyon,Leavenworth,2,0,0
Missin' Nugget,Tumwater Canyon,Leavenworth,2,3,38
Bad Karma,Tumwater Canyon,Leavenworth,2,2.5,5
No Imagination,Tumwater Canyon,Leavenworth,3,2.5,4
Claim Jumper,Tumwater Canyon,Leavenworth,4,3,58
The Hueco Crimper,Tumwater Canyon,Leavenworth,6,3.5,77
Hueco Sloper,Tumwater Canyon,Leavenworth,6,3,28
Joe's Crimper,Tumwater Canyon,Leavenworth,7,3,10
Left Intro to Hueco Crimper,Tumwater Canyon,Leavenworth,8,2.5,3
Hueco Crimper Low,Tumwater Canyon,Leavenworth,8,3,23
Real Imagination,Tumwater Canyon,Leavenworth,9,3.5,7
Margo,Tumwater Canyon,Leavenworth,10,3,1
Hueco Crimper Left,Tumwater Canyon,Leavenworth,10,3,3
Salem Slab,Tumwater Canyon,Leavenworth,0,1.5,4
IHOP,Tumwater Canyon,Leavenworth,1,2,12
Skittles,Tumwater Canyon,Leavenworth,3,2.5,6
Solar Arete,Tumwater Canyon,Leavenworth,3,2,8
Slingblade Left,Tumwater Canyon,Leavenworth,4,3,3
Gymania,Tumwater Canyon,Leavenworth,1,2,17
The Method Left,Tumwater Canyon,Leavenworth,2,2.5,15
The Method Right,Tumwater Canyon,Leavenworth,2,2,12
Ditch the Gym,Tumwater Canyon,Leavenworth,2,2,7
Ryan's Problem,Tumwater Canyon,Leavenworth,3,2.5,10
The GZA,Tumwater Canyon,Leavenworth,6,1.5,4
Black Roses,Tumwater Canyon,Leavenworth,9,3.5,2
David Bowie aka the Goblin King,Tumwater Canyon,Leavenworth,2,1.5,4
Jennifer Connelly,Tumwater Canyon,Leavenworth,3,2.5,4
The Bone Collector,Tumwater Canyon,Leavenworth,6,2,1
Beckey's Problem,Tumwater Canyon,Leavenworth,6,3.5,40
Beckey's Problem Low,Tumwater Canyon,Leavenworth,7,3.5,9
Jazzercise,Tumwater Canyon,Leavenworth,8,3,1
5.9+,Tumwater Canyon,Leavenworth,8,2,1
Stinkfoot,Tumwater Canyon,Leavenworth,2,2,2
Zebra,Tumwater Canyon,Leavenworth,4,1.5,5
Cinderella Boy,Tumwater Canyon,Leavenworth,4,2.5,5
Tap,Tumwater Canyon,Leavenworth,2,1,1
Ballet,Tumwater Canyon,Leavenworth,3,2,3
Sine of the Times,Tumwater Canyon,Leavenworth,5,3,2
Candyman,Tumwater Canyon,Leavenworth,6,0,0
Chucky,Tumwater Canyon,Leavenworth,6,0,0
Nightmare on Elm Street,Tumwater Canyon,Leavenworth,8,0,0
The Nine Iron,Tumwater Canyon,Leavenworth,10,4,4
Green Tea,Tumwater Canyon,Leavenworth,4,1,1
Blitzkreig,Tumwater Canyon,Leavenworth,8,4,1
The Scorpion,Tumwater Canyon,Leavenworth,2,3.5,4
The Mole,Tumwater Canyon,Leavenworth,4,1,1
Liquid Nails,Tumwater Canyon,Leavenworth,7,3,2
Open Range,Tumwater Canyon,Leavenworth,8,4,2
The Last Unicorn,Tumwater Canyon,Leavenworth,5,1.5,6
The Last Unicorn Low,Tumwater Canyon,Leavenworth,6,1.5,4
Water Torture,Tumwater Canyon,Leavenworth,3,3,2
The Lobster,Tumwater Canyon,Leavenworth,4,2.5,4
Chalksucker,Tumwater Canyon,Leavenworth,8,3,2
Pick Your Poison,Tumwater Canyon,Leavenworth,9,3.5,2
Drawn and Quartered,Tumwater Canyon,Leavenworth,14,4,1
Dogma,Tumwater Canyon,Leavenworth,10,3,1
Jenny Craig,Tumwater Canyon,Leavenworth,3,2,1
The Current,Tumwater Canyon,Leavenworth,10,4,1
Finished Product,Tumwater Canyon,Leavenworth,11,0,0
Crab Legs,Tumwater Canyon,Leavenworth,3,2,1
